class,make,model
Honda Civic,Honda,Civic
Honda Accord,Honda,Accord
Toyota Camry,Toyota,Camry
Ford Mustang,Ford,Mustang
Toyota Corolla,Toyota,Corolla
Chevrolet Silverado,Chevrolet,Silverado
Ford F150,Ford,F150
Nissan Altima,Nissan,Altima
Ford Focus,Ford,Focus
Ford Ranger,Ford,Ranger
Jeep Grand Cherokee,Jeep,Grand Cherokee
Toyota Landcruiser,Toyota,Landcruiser
Holden Commodore,Holden,Commodore
Volkswagen Jetta,Volkswagen,Jetta
Mazda 3,Mazda,3
Honda Odyssey,Honda,Odyssey
Nissan Maxima,Nissan,Maxima
Chevrolet Corvette,Chevrolet,Corvette
Toyota Hilux,Toyota,Hilux
Volkswagen Golf,Volkswagen,Golf
Volkswagen Passat,Volkswagen,Passat
Honda CR-V,Honda,CR-V
Ford F250,Ford,F250
Subaru Forester,Subaru,Forester
Subaru Impreza,Subaru,Impreza
Hyundai Elantra,Hyundai,Elantra
Audi A4,Audi,A4
Nissan Navara,Nissan,Navara
Mitsubishi Lancer,Mitsubishi,Lancer
Ford Escape,Ford,Escape
Toyota RAV4,Toyota,RAV4
Chevrolet Camaro,Chevrolet,Camaro
Ford Falcon,Ford,Falcon
Mazda 6,Mazda,6
Hyundai Sonata,Hyundai,Sonata
Jeep Wrangler,Jeep,Wrangler
Subaru Outback,Subaru,Outback
Nissan Pathfinder,Nissan,Pathfinder
Mitsubishi Triton,Mitsubishi,Triton
BMW X5,BMW,X5
Hyundai Accent,Hyundai,Accent
Holden Cruze,Holden,Cruze
Holden Captiva,Holden,Captiva
Nissan X-Trail,Nissan,X-Trail
Hyundai i30,Hyundai,i30
Kia Rio,Kia,Rio
Mitsubishi Outlander,Mitsubishi,Outlander
Ford Territory,Ford,Territory
Land Rover Range Rover Sport,Land Rover,Range Rover Sport
Jeep Cherokee,Jeep,Cherokee
Nissan Patrol,Nissan,Patrol
BMW 325i,BMW,325i
Holden Colorado,Holden,Colorado
Toyota Prius,Toyota,Prius
Mazda CX-5,Mazda,CX-5
Chrysler 300,Chrysler,300
Toyota Yaris,Toyota,Yaris
Mazda BT-50,Mazda,BT-50
Toyota Kluger,Toyota,Kluger
Holden Astra,Holden,Astra
Nissan Murano,Nissan,Murano
Volkswagen Beetle,Volkswagen,Beetle
Mazda 2,Mazda,2
Suzuki Swift,Suzuki,Swift
Mitsubishi Pajero,Mitsubishi,Pajero
Holden Ute,Holden,Ute
Hyundai Tucson,Hyundai,Tucson
Holden Barina,Holden,Barina
Kia Cerato,Kia,Cerato
Toyota Avalon,Toyota,Avalon
Kia Sorento,Kia,Sorento
Mitsubishi ASX,Mitsubishi,ASX
BMW 328i,BMW,328i
Isuzu D-MAX,Isuzu,D-MAX
Audi A6,Audi,A6
Honda Jazz,Honda,Jazz
Nissan Pulsar,Nissan,Pulsar
Toyota Hiace,Toyota,Hiace
Kia Optima,Kia,Optima
Kia Sportage,Kia,Sportage
Nissan 350Z,Nissan,350Z
Lexus IS250,Lexus,IS250
Ford Fiesta,Ford,Fiesta
Holden Rodeo,Holden,Rodeo
Hyundai Getz,Hyundai,Getz
Subaru Liberty,Subaru,Liberty
Ford Falcon Ute,Ford,Falcon Ute
Volvo XC90,Volvo,XC90
Volkswagen Tiguan,Volkswagen,Tiguan
Volvo S60,Volvo,S60
BMW X3,BMW,X3
Mercedes-Benz E320,Mercedes-Benz,E320
Volkswagen Amarok,Volkswagen,Amarok
Hyundai Tiburon,Hyundai,Tiburon
Chrysler PT Cruiser,Chrysler,PT Cruiser
Dodge Caliber,Dodge,Caliber
BMW M3,BMW,M3
Audi A3,Audi,A3
Mazda Tribute,Mazda,Tribute
Volkswagen Polo,Volkswagen,Polo
Subaru WRX,Subaru,WRX
Toyota Celica,Toyota,Celica
BMW 530i,BMW,530i
BMW 335i,BMW,335i
BMW 528i,BMW,528i
Saab 9-3,Saab,9-3
Holden Calais,Holden,Calais
Volvo S40,Volvo,S40
Honda Prelude,Honda,Prelude
BMW 320i,BMW,320i
Volkswagen Touareg,Volkswagen,Touareg
Mazda CX-9,Mazda,CX-9
Jeep Compass,Jeep,Compass
Mazda RX-8,Mazda,RX-8
BMW 525i,BMW,525i
BMW 323i,BMW,323i
Porsche Boxster,Porsche,Boxster
Jeep Patriot,Jeep,Patriot
Toyota Aurion,Toyota,Aurion
MINI Hatch,MINI,Hatch
Mercedes-Benz E350,Mercedes-Benz,E350
Audi A5,Audi,A5
Nissan QASHQAI,Nissan,QASHQAI
Hyundai ix35,Hyundai,ix35
Hyundai Santa Fe,Hyundai,Santa Fe
BMW 330i,BMW,330i
Porsche Cayenne,Porsche,Cayenne
Mazda CX-7,Mazda,CX-7
Audi Q5,Audi,Q5
Audi Q7,Audi,Q7
Lexus GS300,Lexus,GS300
Honda Accord Euro,Honda,Accord Euro
Toyota 86,Toyota,86
Mercedes-Benz ML350,Mercedes-Benz,ML350
Dodge Journey,Dodge,Journey
Mercedes-Benz C300,Mercedes-Benz,C300
Mercedes-Benz C250,Mercedes-Benz,C250
Hyundai iLoad,Hyundai,iLoad
Jaguar X-Type,Jaguar,X-Type
Audi S4,Audi,S4
Nissan Skyline,Nissan,Skyline
Subaru XV,Subaru,XV
Porsche 911,Porsche,911
Holden Special Vehicles Clubsport,Holden Special Vehicles,Clubsport
Audi TT,Audi,TT
Suzuki Grand Vitara,Suzuki,Grand Vitara
Land Rover Discovery,Land Rover,Discovery
Mercedes-Benz C63,Mercedes-Benz,C63
Nissan Dualis,Nissan,Dualis
Ford Mondeo,Ford,Mondeo
Mercedes-Benz ML320,Mercedes-Benz,ML320
Hyundai Veloster,Hyundai,Veloster
Mercedes-Benz C200,Mercedes-Benz,C200
Renault Megane,Renault,Megane
BMW 535i,BMW,535i
Mazda CX-3,Mazda,CX-3
Mitsubishi Mirage,Mitsubishi,Mirage
BMW X1,BMW,X1
BMW 318i,BMW,318i
BMW Z4,BMW,Z4
Audi A8,Audi,A8
Dodge Nitro,Dodge,Nitro
Mercedes-Benz S500,Mercedes-Benz,S500
Volkswagen Transporter,Volkswagen,Transporter
Toyota Tarago,Toyota,Tarago
Mercedes-Benz Sprinter,Mercedes-Benz,Sprinter
Toyota Echo,Toyota,Echo
Mercedes-Benz C200 Kompressor,Mercedes-Benz,C200 Kompressor
Mazda MX-5,Mazda,MX-5
SKODA Octavia,SKODA,Octavia
Volvo XC70,Volvo,XC70
BMW 740i,BMW,740i
Mazda RX-7,Mazda,RX-7
Mitsubishi Pajero Sport,Mitsubishi,Pajero Sport
Nissan 370Z,Nissan,370Z
Volkswagen Caddy,Volkswagen,Caddy
BMW 330Ci,BMW,330Ci
Mercedes-Benz CLK320,Mercedes-Benz,CLK320
Mazda 323,Mazda,323
Kia Carnival,Kia,Carnival
Hyundai i20,Hyundai,i20
Ford Transit,Ford,Transit
Suzuki SX4,Suzuki,SX4
Volvo XC60,Volvo,XC60
Audi A1,Audi,A1
Lexus RX350,Lexus,RX350
Nissan Elgrand,Nissan,Elgrand
Toyota Supra,Toyota,Supra
Holden Berlina,Holden,Berlina
Mercedes-Benz C280,Mercedes-Benz,C280
Volkswagen Eos,Volkswagen,Eos
Nissan JUKE,Nissan,JUKE
Holden Trax,Holden,Trax
Audi S3,Audi,S3
BMW 320d,BMW,320d
Lexus IS350,Lexus,IS350
Holden Special Vehicles GTS,Holden Special Vehicles,GTS
Holden Special Vehicles Maloo,Holden Special Vehicles,Maloo
BMW M5,BMW,M5
Volvo V40,Volvo,V40
Honda HR-V,Honda,HR-V
BMW 120i,BMW,120i
Isuzu MU-X,Isuzu,MU-X
Renault Koleos,Renault,Koleos
Ford Fairlane,Ford,Fairlane
Volvo C70,Volvo,C70
Ford Performance Vehicles F6,Ford Performance Vehicles,F6
Ford Kuga,Ford,Kuga
Porsche 911 Carrera,Porsche,911 Carrera
Subaru BRZ,Subaru,BRZ
BMW 135i,BMW,135i
Mitsubishi Magna,Mitsubishi,Magna
Renault Clio,Renault,Clio
Lexus RX330,Lexus,RX330
Mercedes-Benz Vito,Mercedes-Benz,Vito
Toyota FJ Cruiser,Toyota,FJ Cruiser
BMW 125i,BMW,125i
Toyota Estima,Toyota,Estima
Audi Q3,Audi,Q3
Holden Caprice,Holden,Caprice
BMW 325Ci,BMW,325Ci
Mercedes-Benz ML500,Mercedes-Benz,ML500
Nissan Micra,Nissan,Micra
Alfa Romeo Giulietta,Alfa Romeo,Giulietta
Land Rover Discovery Sport,Land Rover,Discovery Sport
BMW 118i,BMW,118i
Mercedes-Benz C180 Kompressor,Mercedes-Benz,C180 Kompressor
BMW X6,BMW,X6
Mitsubishi Challenger,Mitsubishi,Challenger
Holden Statesman,Holden,Statesman
Suzuki Vitara,Suzuki,Vitara
Ford Fairmont,Ford,Fairmont
Mercedes-Benz C250 CDI,Mercedes-Benz,C250 CDI
Nissan Tiida,Nissan,Tiida
Land Rover Defender,Land Rover,Defender
Subaru Tribeca,Subaru,Tribeca
Peugeot 308,Peugeot,308
Kia Grand Carnival,Kia,Grand Carnival
Hyundai iMax,Hyundai,iMax
Jaguar XF,Jaguar,XF
Mercedes-Benz A250,Mercedes-Benz,A250
Holden Monaro,Holden,Monaro
Mercedes-Benz B200,Mercedes-Benz,B200
Mercedes-Benz CLA250,Mercedes-Benz,CLA250
Renault Trafic,Renault,Trafic
Mercedes-Benz A45,Mercedes-Benz,A45
Peugeot 307,Peugeot,307
Mercedes-Benz CLA45,Mercedes-Benz,CLA45
Audi S5,Audi,S5
Fiat 500,Fiat,500
Hyundai i40,Hyundai,i40
Holden Crewman,Holden,Crewman
Mercedes-Benz GLC250,Mercedes-Benz,GLC250
Volkswagen Multivan,Volkswagen,Multivan
Nissan 200SX,Nissan,200SX
Land Rover Discovery 4,Land Rover,Discovery 4
Alfa Romeo 159,Alfa Romeo,159
Mercedes-Benz CLA200,Mercedes-Benz,CLA200
Porsche Macan,Porsche,Macan
Mercedes-Benz CLK350,Mercedes-Benz,CLK350
Renault Master,Renault,Master
Mitsubishi 380,Mitsubishi,380
Ford Laser,Ford,Laser
BMW 520d,BMW,520d
Ford Everest,Ford,Everest
Mercedes-Benz C350,Mercedes-Benz,C350
Peugeot 207,Peugeot,207
Suzuki Alto,Suzuki,Alto
Audi SQ5,Audi,SQ5
Mercedes-Benz SLK350,Mercedes-Benz,SLK350
BMW X4,BMW,X4
Ford Courier,Ford,Courier
Holden Viva,Holden,Viva
Mazda Bravo,Mazda,Bravo
Land Rover Discovery 3,Land Rover,Discovery 3
Renault Kangoo,Renault,Kangoo
SKODA Fabia,SKODA,Fabia
Volkswagen Kombi Transporter,Volkswagen,Kombi Transporter
Holden Trailblazer,Holden,Trailblazer
Mitsubishi Express,Mitsubishi,Express
Audi RS3,Audi,RS3
Mercedes-Benz B180,Mercedes-Benz,B180
Ford Performance Vehicles GT,Ford Performance Vehicles,GT
Mercedes-Benz ML250,Mercedes-Benz,ML250
MINI Cabrio,MINI,Cabrio
Volkswagen Scirocco,Volkswagen,Scirocco
Nissan Cube,Nissan,Cube
BMW M4,BMW,M4
Honda City,Honda,City
Mercedes-Benz C180,Mercedes-Benz,C180
Mitsubishi Colt,Mitsubishi,Colt
Holden Special Vehicles Senator,Holden Special Vehicles,Senator
Hyundai i45,Hyundai,i45
Chrysler 300c,Chrysler,300c
Lexus NX,Lexus,NX
Nissan GT-R,Nissan,GT-R
Citroen C4,Citroen,C4
Land Rover Freelander 2,Land Rover,Freelander 2
MG B,MG,B
Mercedes-Benz ML63,Mercedes-Benz,ML63
BMW 118d,BMW,118d
Volvo C30,Volvo,C30
Mercedes-Benz E250 CDI,Mercedes-Benz,E250 CDI
Mercedes-Benz E63,Mercedes-Benz,E63
Toyota Fortuner,Toyota,Fortuner
SKODA Superb,SKODA,Superb
BMW 220i,BMW,220i
Mercedes-Benz GLA250,Mercedes-Benz,GLA250
Mercedes-Benz A200,Mercedes-Benz,A200
Peugeot 407,Peugeot,407
Fiat Ducato,Fiat,Ducato
BMW 428i,BMW,428i
Peugeot 206,Peugeot,206
Ford EcoSport,Ford,EcoSport
Mercedes-Benz A180,Mercedes-Benz,A180
Audi R8,Audi,R8
Mercedes-Benz E250,Mercedes-Benz,E250
Mitsubishi Delica,Mitsubishi,Delica
Mercedes-Benz E200,Mercedes-Benz,E200
Mercedes-Benz ML320 CDI,Mercedes-Benz,ML320 CDI
Ford Festiva,Ford,Festiva
Mercedes-Benz C220 CDI,Mercedes-Benz,C220 CDI
Mercedes-Benz E280,Mercedes-Benz,E280
Honda Integra,Honda,Integra
Suzuki Kizashi,Suzuki,Kizashi
Jaguar XE,Jaguar,XE
Holden Colorado 7,Holden,Colorado 7
Volkswagen Crafter,Volkswagen,Crafter
MINI Countryman,MINI,Countryman
Alfa Romeo MiTo,Alfa Romeo,MiTo
Lexus CT200h,Lexus,CT200h
Porsche Cayman,Porsche,Cayman
Chrysler Grand Voyager,Chrysler,Grand Voyager
Holden Kingswood,Holden,Kingswood
Citroen C5,Citroen,C5
Mercedes-Benz E250 CGI,Mercedes-Benz,E250 CGI
BMW 330d,BMW,330d
Peugeot 208,Peugeot,208
Lexus RX450h,Lexus,RX450h
Ford Transit Custom,Ford,Transit Custom
Holden Jackaroo,Holden,Jackaroo
Holden Barina Spark,Holden,Barina Spark
Suzuki Ignis,Suzuki,Ignis
Holden Vectra,Holden,Vectra
SKODA Rapid,SKODA,Rapid
Mercedes-Benz S350,Mercedes-Benz,S350
BMW M235i,BMW,M235i
Renault Captur,Renault,Captur
Mercedes-Benz GLA180,Mercedes-Benz,GLA180
Holden Adventra,Holden,Adventra
Bentley Continental,Bentley,Continental
Mercedes-Benz C250 CGI,Mercedes-Benz,C250 CGI
Mercedes-Benz E240,Mercedes-Benz,E240
BMW M135i,BMW,M135i
Mercedes-Benz CLC200 Kompressor,Mercedes-Benz,CLC200 Kompressor
Citroen Berlingo,Citroen,Berlingo
Fiat Freemont,Fiat,Freemont
BMW 320Ci,BMW,320Ci
BMW 316i,BMW,316i
Great Wall V240,Great Wall,V240
Mercedes-Benz C200 CDI,Mercedes-Benz,C200 CDI
Peugeot 3008,Peugeot,3008
Toyota Crown,Toyota,Crown
Mercedes-Benz ML300 CDI,Mercedes-Benz,ML300 CDI
Toyota Avensis Verso,Toyota,Avensis Verso
Nissan Silvia,Nissan,Silvia
Mercedes-Benz C200 CGI,Mercedes-Benz,C200 CGI
BMW 116i,BMW,116i
BMW 420i,BMW,420i
Alfa Romeo 156,Alfa Romeo,156
Mercedes-Benz CLK200 Kompressor,Mercedes-Benz,CLK200 Kompressor
Holden Malibu,Holden,Malibu
Citroen C3,Citroen,C3
Volkswagen Bora,Volkswagen,Bora
Toyota C-HR,Toyota,C-HR
Mercedes-Benz E220 CDI,Mercedes-Benz,E220 CDI
Hyundai Terracan,Hyundai,Terracan
Ford Performance Vehicles GS,Ford Performance Vehicles,GS
Jaguar XJ6,Jaguar,XJ6
Suzuki Jimny,Suzuki,Jimny
Holden Special Vehicles Grange,Holden Special Vehicles,Grange
MINI Clubman,MINI,Clubman
Lexus RC,Lexus,RC
Mazda 121,Mazda,121
Holden Zafira,Holden,Zafira
Holden Special Vehicles Coupe,Holden Special Vehicles,Coupe
BMW M2,BMW,M2
Holden Epica,Holden,Epica
Volvo V40 Cross Country,Volvo,V40 Cross Country
Fiat 500X,Fiat,500X
Mercedes-Benz ML350 CDI,Mercedes-Benz,ML350 CDI
Maserati Ghibli,Maserati,Ghibli
